<?xml version="1.0" encoding="UTF-8"?>
<project-private xmlns="http://www.netbeans.org/ns/project-private/1">
    <editor-bookmarks xmlns="http://www.netbeans.org/ns/editor-bookmarks/1"/>
    <editor-bookmarks xmlns="http://www.netbeans.org/ns/editor-bookmarks/2" lastBookmarkId="0"/>
    <open-files xmlns="http://www.netbeans.org/ns/projectui-open-files/2">
        <group>
            <file>file:/C:/Users/ltree/Downloads/Casino-master/Casino-master/src/my/slots/Card.java</file>
            <file>file:/C:/Users/ltree/Downloads/Casino-master/Casino-master/src/my/slots/pics/1%20clubs.jpg</file>
            <file>file:/C:/Users/ltree/Downloads/Casino-master/Casino-master/src/my/slots/BlackJack.java</file>
            <file>file:/C:/Users/ltree/Downloads/Casino-master/Casino-master/src/my/slots/BlackJackUI.java</file>
            <file>file:/C:/Users/ltree/Downloads/Casino-master/Casino-master/src/my/slots/pics/13%20clubs.jpg</file>
            <file>file:/C:/Users/ltree/Downloads/Casino-master/Casino-master/src/my/slots/Dealer.java</file>
            <file>file:/C:/Users/ltree/Downloads/Casino-master/Casino-master/src/my/slots/box.png</file>
            <file>file:/C:/Users/ltree/Downloads/Casino-master/Casino-master/src/my/slots/pics/12%20spades.jpg</file>
        </group>
    </open-files>
</project-private>
